id;rows;event_note;event_timestamp
1;28393;Technician flexibility e-markets;2020-02-20T14:44:58
2;12807;sky blue;2020-02-20T16:46:00
3;76915;transmitter Producer;2020-02-20T04:09:27
4;99748;Tools Markets utilize;2020-02-21T00:45:02
5;13901;Fish connect;2020-02-20T10:42:07
6;56331;Practical Cotton Hat;2020-02-20T15:06:28
7;94207;gold;2020-02-20T06:08:34
8;21753;responsive;2020-02-20T04:55:01
9;82205;South Africa Cambridgeshire Accountability;2020-02-20T10:10:35
10;20117;Representative utilize hard drive;2020-02-21T02:15:55
